Faculty/ Department,Name of Author,Title of Research Paper,Name of Journal,Volume#,Page#,Category/ IF,source
NCEAC,"bdul Haleem Panwar, T. G. Kazi, H. I. Afridi, Farah N. Talpur. N. Kazi. "," ADistribution of Potassium, Calcium, Magnesium, and Sodium levels in Biological Samples of Pakistani hypertensive Patients and control subjects",Clinical laboratory,,"5-6,",1.084,https://www.clin-lab-publications.com/
NCEAC,"Laghari, A.H.; Memon, S.; Nelofar, A. and Khan, K.M. “", Determination of volatile constituents and antimicrobial activity of Camel thorn (Alhagi camelorum) flowers," Anal Lett 47,","413–421,",,0.982,http://www.tandf.co.uk/journals/titles/00032719.asp
NCEAC,"Hassan Imran Afridi, Tasneem Gul Kazi, Farah Naz Talpur, Salma Arain, Sadaf Sadia Arain, Naveed Kazi, Abdul Haleem Panhwar,"," Evaluation of chromium and manganese in biological samples (scalp hair, blood and urine) of tuberculosis and diarrhea male human immunodeficiency virus patients",Clinical laboratory,,,1.084,https://www.clin-lab-publications.com/
IMCS,"Rashad, M.,  I. Ahmad, M. Shah, Z. U. A. Khuhro, "," Left Transitive AG-Groupoids, ","Sindh University Research Journal (Science Series), ISSN 1813-1743,  ","(2014) 46(4), pp~547-552.",,X,
FWB,"KALHORO Muhsan Ali, LIU Qun, MEMON Khadim Hussain, WARYANI Baradi, SOOMRO Shamsher Hyder ", Maximum sustainable yield of Greater Lizardfish Saurida tumbil fishery in Pakistan using the CEDA and ASPIC Packages ,Acta Oceanologica Sinica,"Vol. 34, No. 2",,0.4,
FWB,"Baradi WARYANI, Ghazala SIDDIQUI*, Zarrien AYUB, Shaukat Hayat KHAN "," Occurrence and temporal variation in the size-frequency distribution of 2 bloom-forming jellyfishes, Catostylus perezi (L. Agassiz, 1862) and Rhizostoma pulmo (Cuvier, 1800), in the Indus Delta along the coast of Sindh, Pakistan. ",Turkish Journal of Zoology,,doi:10.3906/zoo-1401-13 ,,
NCEAC," J. A. Baig, L. Elci, M. I. Khan, T. G. Kazi, ", Determination of total chromium at ultra-trace levels in water and soil samples by co-precipitation micro-sample injection system flame atomic absorption spectrometry. ,Journal of AOAC International ,97(5),", 1-5",1.385,http://www.aoac.org/
chemistry," Panhwar, Q.K. and Memon, S. "," Synthesis, characterization and antioxidant activity of Cr(III)-rutin complex.",Chem. Papers ,,,1.193,http://www.springer.com/chemistry/journal/11696
NCEAC," Sin Tee Tan, Akrajas Ali Umar, Aamna Balouch, Muhammad Yahaya, Muhammad Mat Salleh and Munetaka Oyama, ","101)- Plane Bounded-ZnO nanocubes films photocatalyst prepared via a low frequency Ultrasonic Assisted hydrolysis process,",Ultrason Sonochem,21(2):.,754-60,,
Biochemistry,"Sadia Qamar Arain, Farah N. Talpur, Naseem Aslam Channa, ",A comparative study of serum lipid contents in pre and post IFN-alpha treated acute hepatitis C patients.Lipids in Health and Disease. ,http://www.ncbi.nlm.nih.gov/pubmed/26403989,2015Sep 24;14(1):117. ,,2.22,
IMCS,"Chandio, Aftab Ahmed; Bilal, Kashif; Tziritas, Nikos; Yu, Zhibin; Jiang, Qingshan; Khan, Samee U.; Xu, Cheng-Zhong",A comparative study on resource allocation and energy efficient job scheduling strategies in large-scale parallel computing systems,CLUSTER COMPUT,17,10.1007/s10586-014-0384-x,ISI,
NCEAC,"Fahim, Faiza; Naseer, Ayesha; Ahmed, Shakil; Sherazi, Syed Tufail H.; Bhanger, Muhammad I.",A Green Approach for the Determination of Selected Anti-Diabetic Drugs in Pharmaceutical Formulation by Transmission FTIR Spectroscopy,J BRAZIL CHEM SOC,25,10.5935/0103-5053.20140188,ISI,
chemistry,"Naz, Saba; Kara, Huseyin; Sherazi, Syed Tufail Hussain; Aljabour, Abdalaziz; Talpur, Farah Naz",A green approach for the production of biodiesel from fatty acids of corn deodorizer distillate,RSC ADV,4,10.1039/c4ra08108k,ISI,
NCEAC,"Memon, Sibghatullah; Memon, Shahabuddin; Memon, Najma",A highly efficient p-tert-butylcalix[8] arene-based modified silica for the removal of Hexachlorocyclohexane isomers from aqueous media,DESALIN WATER TREAT,52,10.1080/19443994.2013.794710,ISI,
NCEAC,"Safdar, M.; Junejo, Y.; Arman, Kaifee; Abasiyanik, M. F.","A highly sensitive and specific tetraplex PCR assay for soybean, poultry, horse and pork species identification in sausages: Development and validation",MEAT SCI,98,10.1016/j.meatsci.2014.06.006,ISI,
NCEAC,"Junejo, Y.; Sirajuddin; Baykal, A.; Safdar, M.; Balouch, A.",A novel green synthesis and characterization of Ag NPs with its ultra-rapid catalytic reduction of methyl green dye,APPL SURF SCI,290,10.1016/j.apsusc.2013.11.106,ISI,
NCEAC," Y. Junejo, Sirajuddin, A. Baykal, M. Safdar, A. Balouch,","A novel green synthesis and characterization of Ag NPs with its ultra-rapid catalytic reduction of methyl green dye, Accepted in ",  Appl. Surf. Sci   :,290 (1), 499–503.,2.538,http://www.elsevier.com/wps/find/journaldescription.cws_home/505669/description#description
Pharmacy,"Humera Sarwar, Abdullah Dayo, Muhammad Ali Ghoto",Adherence with prescribed medications among diabetes mellitus,Int. J. Pharm. Sci. Rev. Res.,24(1),246-252,1.704,
,"Kamboh, Muhammad Afzal; Bhatti, Asif Ali; Solangi, Imam Bakhsh; Sherazi, S. T. H.; Memon, Shahabuddin",Adsorption of direct black-38 azo dye on p-tert-butylcalix[6]arene immobilized material,ARAB J CHEM,7,10.1016/j.arabjc.2013.06.033,ISI,
Languages,Prof. Dr. Hafiz Abdul Ghani Shaikh,Al- Huroof- Ul- Muqattiaat Maaniha wa Asraruha,"The Islamic Culture Research Journal Shaikh Zayed Islamic Center, Karachi University.ISSN: 1813-775 ",,Accepted & Written in Arabic,Z,
Languages,Prof. Dr. Hafiz Abdul Ghani Shaikh,Al- Shaikh Abdul Qadir Al-Jail wa Makanatuhu- Al- Elmiyah,"The Islamic Culture Research Journal Shaikh Zayed Islamic Center, Karachi University.ISSN: 1813-775",,Accepted & Written in Arabic,Z,
CRIC,Dr. Bashir Ahmed Rind,Al-hania W Rishwa,PJIR,V 11 No. 3,,,NA
Biochemistry,"Ali Muhammad Soomro, Naseem A. Channa, Zulfiqar Ali Laghari",Allethrin induced histological and biochemical changes in liver of Rabbit. ,Medical Channel. ,2014; 20(3): 38-40. July – September. ,,Y,
Languages,Prof. Dr. Hafiz Abdul Ghani Shaikh,An Analysis of the Trend of Muslims to communicate their faith tradition to their children in Pakistan,"Irjah International Research Journal of Arts and Humanities University of Sindh, Jamshoro. ISSN: 1016- 9342",Vol: 42 ,PP: 99-110,Z,
NCEAC,"Memon, Shahabuddin; Memon, Sibghatullah; Memon, Najma",An efficient p-tetranitrocalix[4]arene based adsorbent for the removal of carbofuran from aqueous media,J IRAN CHEM SOC,11,10.1007/s13738-014-0432-8,ISI,
NCEAC, Memon S.; Memon N. and Memon S,An efficient p-tetranitrocalix[4]arene based adsorbent for the removal of carbofuran from aqueous media, J. Iran. Chem. Soc  Accepted 10.1007/s13738-014-0432-8.,,,1.406,http://www.springer.com/chemistry/analytical+chemistry/journal/13738
,"Khan, Khalid M.; Jamil, Waqas; Ambreen, Nida; Taha, Muhammad; Perveen, Shahnaz; Morales, Guillermo A.",An expeditious synthetic approach towards the synthesis of Bis-Schiff bases (aldazines) using ultrasound,ULTRASON SONOCHEM,21,10.1016/j.ultsonch.2013.12.011,ISI,
Biochemistry,"Dadu Khan Burdi1, Sumera Qureshi1*, Allah Bux Ghanghro2.Http://Www.Als-Journal.Com/An-Overview-Of-Available-Hypoglycemic-Triterpenoids-And-Saponins-To-Cure-Diabetes-Mellitus/",An Overview Of Available Hypoglycemic Triterpenoids And Saponins To Cure Diabetes Mellitus. ,International Journal Of Advancements In Life Sciences,1 (3),119-128,,
SU Laar Campus,Abdul Qadir Patoli,Analysis of environment conducive for Islamic Banking in Sindh,Journal of Management of Social Sciences,"vol: 8, issue 1",,,
IMCS,"Shaikh, Abdul Wasim; Memon, Ghulam Qadir",Analytical and numerical solutions of fluid flow filled with and without porous media in circular pipes,APPL MATH COMPUT,232,10.1016/j.amc.2014.01.038,ISI,
NCEAC," S. A. Mahesar, S. T. H. Sherazi, A. R. Khaskheli, A. A. Kandhro, Sirajuddin. ",Analytical approach for free fatty acids assessment in oils and fats.,Anal Meth Available online. ,,,1.938,http://pubs.rsc.org/en/journals/journalissues/ay
NCEAC,"Mahesar, S. A.; Sherazi, S. T. H.; Khaskheli, Abdul Rauf; Kandhro, Aftab A.; Uddin, Siraj",Analytical approaches for the assessment of free fatty acids in oils and fats,ANAL METHODS-UK,6,10.1039/c4ay00344f,ISI,
NCEAC,"Arain, Salma Aslam; Kazi, Tasneem G.; Afridi, Hassan Imran; Abbasi, Abdul Rasool; Panhwar, Abdul Haleem; Naeemullah; Shanker, Bhawani; Arain, Mohammad Balal",Application of dual-cloud point extraction for the trace levels of copper in serum of different viral hepatitis patients by flame atomic absorption spectrometry: A multivariate study,SPECTROCHIM ACTA A,133,10.1016/j.saa.2014.05.077,ISI,
NCEAC,"Salma Aslam Arain, Tasneem G Kazi, Hassan Imran Afridi, Abdul Rasool Abbasi, Abdul Haleem Panhwar, Naeemullah, Bhawani Shanker, Mohammad Bilal Arain, ",Application of dual-cloud point extraction for the trace levels of copper in serum of different viral hepatitis patients by flame atomic absorption spectrometry: A multivariate study,Spectrochimica Acta Part A: (Accepted) 2014.,,,2.129,http://www.elsevier.com/wps/find/journaldescription.cws_home/525436/description#description
NCEAC,"Talpur, M. Younis; Kara, Huseyin; Sherazi, S. T. H.; Ayyildiz, H. Filiz; Topkafa, Mustafa; Arslan, Fatma Nur; Naz, Saba; Durmaz, Fatih; Sirajuddin",Application of multivariate chemometric techniques for simultaneous determination of five parameters of cottonseed oil by single bounce attenuated total reflectance Fourier transform infrared spectroscopy,TALANTA,129,10.1016/j.talanta.2014.04.002,ISI,
NCEAC,"Memon, Shahabuddin; Bhatti, Ashfaque Ali",Arsenate and Dichromate Removal Efficiency of a New Calix[4]arene Impregnated Resin,POLYCYCL AROMAT COMP,34,10.1080/10406638.2014.892888,ISI,
NCEAC,Memon S. and Bhatti A.A,Arsenate and dichromate removal efficiency of a new calix[4]arene impregnated resin, Polycyclic Aromatic Compounds. ,34 (3)," 280–308, ",0.833,http://www.tandfonline.com/openurl?genre=journal&issn=1040-6638
FWB,"Ghulam Murtaza Mastoi, Baradi Waryani, Zulfiqar Ali Laghari, Zameer Ali Palh, Khalid Hussain Lashari, Khalida Faryal Almani, Gul-e-Rana and Abdul Waheed Mastoi ",Assessment of Chemistry of Soil Irrigated on Phuleli Canal. ,Science Journal of Chemistry. ,"Vol. 2, No. 4, pp. 33-37",,1.34,
IICT,"Memon, S. A.; Laghari, N. A.; Qureshi, S. T.; Mehdi, F.",Assessment of molybdenum breakthrough levels in molybdenum-99/technetium-99m generators: One year experience at NIMRA Jamshoro Pakistan,INT J RADIAT RES,12,,ISI,
Biochemistry,"Ibtessam Tahir Ansari, Allah Nawaz Memon, Allah Buxghanghro,Mumtaz Ali Sahito, Nazo Noor Ulain, Zainababeer Ansari, Shaista Khan, Imran Suheryani.Http://Www.Scopemed.Org/?Mno=159531",Association Of Rice Allergy With Asthma And Serum Ige Levels In Different Age Groups.,Rawal Medical Journal,39 (3),257-260,Y,
,"hatti, A.A.; Memon S.; Memon N.; Bhatti, A.A. and Solangi,",B I.B. Evaluation of chromium(VI) sorption efficiency of modified Amberlite XAD-4 resin, Arab. J. Chem.,,,2.684,NA
Commerce,Prof. Dr. Hakim Ali Kanasro,Bureaucracy Pill or Panacea: A Critical Analysis of the Role of Bureaucracy in Pakistan,Grassroots,Vol: III No. 3,45-52,Y,
NCEAC,"Memon, F., Memon S. and Minhas F.T.",Calix[4]arene mediated transport of methyl red through bulk liquid membrane. Comptes rendus Chimie ,http://dx.doi.org/10.1016/j.crci.2013.09.015,,,,NA
NCEAC,"Memon, F., Memon S. and Minhas F.T.",Calix[4]arene mediated transport of methyl red through bulk liquid membrane. Comptes rendus Chimie ,http://dx.doi.org/10.1016/j.crci.2013.09.015,,,,NA
NCEAC,"Naz, Saba; Sherazi, Syed Tufail Hussain; Talpur, Farah Naz; Kara, Huseyin; Uddin, Siraj; Khaskheli, Abdul Rauf",Chemical Characterization of Canola and Sunflower Oil Deodorizer Distillates,POL J FOOD NUTR SCI,64,10.2478/pjfns-2013-0008,ISI,
chemistry,"Saima Q. Memon, Najma Memon, Arfana Mallah, Rubina Soomro, and M.Y. Khuhawar,",chiff bases as chelating reagents for metal ions analysis”," Current Analytical Chemistry, "," 10 (3), ",393-417.,1.194,http://www.benthamscience.com/cac/index.htm
NCEAC,"M. B. Arain T.G. Kazi, J. A. Baig, H. I. Afridi, Sarajuddin, K. D. Brahman, H. Panhwar, S.S. Arain",Co-exposure of arsenic and cadmium through drinking water and tobacco smoking: Risk assessment on kidney dysfunction,Environmental Science and Pollution Research,1,,2.757,http://www.springer.com/environment/journal/11356
Pharmacy,"Muhammad Imran Shaikh, Muhammad Ali Ghoto, Abdullah Dayo",Comparative effects of Vitamin E and its combination with vitamin C,World J. of Pharmacy and Pharmaceutical science,3(4),1418-1428,1.0408,
Pharmacy,"U. R. Mughal, M. L. Maheshwari, Muhammad Ali Ghoto",Comparative study of tuberclosis regimen,World J. of Pharmacy and Pharmaceutical science,3(3),12-23,1.0408,
Physical Education,Dr. Muhammad Akram Ansari,Comparing BMI and Hand Grip strength of Tsinghua University Beijing and University of Sindh,International Organization of Scientific Research Community of Researcher Journals,1(4),36-44,1.03,
NCEAC,"Surhio, Muhammad Ali; Talpur, Farah N.; Nizamani, Shafi M.; Amin, Farah; Bong, Chui Wei; Lee, Choon Weng; Ashraf, M. A.; Shah, Muhammad Raza",Complete degradation of dimethyl phthalate by biochemical cooperation of the Bacillus thuringiensis strain isolated from cotton field soil,RSC ADV,4,10.1039/c4ra09465d,ISI,
NCEAC,"Shaikh, Huma; Memon, Najma; Bhanger, M. I.; Nizamani, S. M.; Denizli, Adil",Core-shell molecularly imprinted polymer-based solid-phase microextraction fiber for ultra trace analysis of endosulfan I and II in real aqueous matrix through gas chromatography-micro electron capture detector,J CHROMATOGR A,1337,10.1016/j.chroma.2014.02.035,ISI,
NCEAC,"Huma Shaikh, Najma Memon, MI Bhanger, SM Nizamani, A Denizli,",Core-shell molecularly imprinted polymer-based solid-phase microextraction fiber for ultra trace analysis of endosulfan I and II in real aqueous matrix through GC-microECD," Journal of Chromatography A, http://dx.doi.org/10.1016/j.chroma.2014.02.035",,,4.258,http://www.elsevier.com/wps/find/journaldescription.cws_home/502688/description#description
IMCS,"Khuhro, Z. U. A., F. N. Memon, A. P. Harrison, ","CORONATION: Comparison of RibO Nucleic Acid Tertiary’s Involving Overlapping Networks, ","Sindh University Research Journal (Science Series), ISSN 1813-1743,  ","(2014) 46(3), pp~385-392. ",,X,
SU Laar Campus,Muhammad Tufail chandio,Creative writing padagogy: creating an integral instructional approach,IRJAH,42 (42),111-132,,
Commerce,"Khokhar, S.A, Bughio, F.A., & Jhantial, A.A.",Critical discourse Analysis of Zulfiqar Ali Bhutto's Address at the UN Security Council,Grassroots,"48, No. II",255-272,Y,
NCEAC," Asif A. Jamali , Amber R. Solangi, Najma Memon, Shafi M. Nizamani, ","Current scenario of pesticide practices among farmers for vegetable production: A case study in Lower Sindh, Pakistan,"," International Journal of Development and Sustainability,",3, 493-504.,,http://isdsnet.com/ijds
NCEAC," Asif A. Jamali , Amber R. Solangi, Najma Memon, Shafi M. Nizamani, ","Current scenario of pesticide practices among farmers for vegetable production: A case study in Lower Sindh, Pakistan,"," International Journal of Development and Sustainability,",3, 493-504.,,http://isdsnet.com/ijds
Physics,"Boumaraf, R.; Sengouga, N.; Mari, R. H.; Meftah, Af.; Aziz, M.; Jameel, Dler; Al Saqri, Noor; Taylor, D.; Henini, M.",Deep traps and temperature effects on the capacitance of p-type Si-doped GaAs Schottky diodes on (211) and (311) oriented GaAs substrates,SUPERLATTICE MICROST,65,10.1016/j.spmi.2013.11.019,ISI,
NCEAC,"Hassan Imran Afridi, Tasneem Gul Kazi, Farah Naz Talpur, Sumsun Naher, ","Dermot Brabazon, Relationship between toxic metals exposure via cigarette smoking and rheumatoid arthritis."," Clinical Laboratory Journal. 9+10, ",,,1.084,https://www.clin-lab-publications.com/
,"Memon, Imran; Mohammed, Mohammed Ramadan; Akhtar, Rizwan; Memon, Hina; Memon, Muhammad Hammad; Shaikh, Riaz Ahmed",Design and Implementation to Authentication over a GSM System Using Certificate-Less Public Key Cryptography (CL-PKC),WIRELESS PERS COMMUN,79,10.1007/s11277-014-1879-8,ISI,
,"Bano, Shaista; Vankemmelbeke, Mireille; Penfold, Christopher N.; James, Richard",Detection of induced synthesis of colicin E9 using ColE9p::gfpmut2 based reporter system,WORLD J MICROB BIOT,30,10.1007/s11274-014-1635-y,ISI,
IARSCS,"Mahar, Muhammad Tariq; Khuhawar, Muhammad Yar; Baloch, Mushtaq Ahamad; Jahangir, Taj Muhammad; Majidano, Subhan Ali",Determination of Amino Acids in Industrial Effluents Contaminated Soil,J CHEM SOC PAKISTAN,36,,ISI,
NCEAC,"Shar, Z. H.; Sumbal, G. A.; Sherazi, S. T. H.; Bhanger, M. I.; Nizamani, S. M.",Determination of Deoxynivalenol in Poultry Feed by Three Gas Chromatographic Detection Techniques,CHROMATOGRAPHIA,77,10.1007/s10337-013-2587-3,ISI,
NCEAC,"Arain, Sadaf Sadia; Kazi, Tasneem Gul; Arain, Jamshed Bashir; Afridi, Hassan Imran; Kazi, Atif Gul; Nasreen, Syeda; Brahman, Kapil Dev",Determination of nickel in blood and serum samples of oropharyngeal cancer patients consumed smokeless tobacco products by cloud point extraction coupled with flame atomic absorption spectrometry,ENVIRON SCI POLLUT R,21,10.1007/s11356-014-3091-5,ISI,
NCEAC,"Baig, Jameel Ahmed; Elci, Latif; Khan, Muhammad Irfan; Kazi, Tasneem Gul",Determination of Total Chromium at Ultratrace Levels in Water and Soil Samples by Coprecipitation Microsample Injection System Flame Atomic Absorption Spectrometry,J AOAC INT,97,10.5740/jaoacint.12-139,ISI,
NCEAC,"Kazi, Tasneem G.; Kolachi, Nida E.; Afridi, Hassan I.; Brahman, Kapil Dev; Shah, Faheem",Determination of Total Selenium in Pharmaceutical and Herbal Supplements by Hydride Generation and Graphite Furnace Atomic Absorption Spectrometry,J AOAC INT,97,10.5740/jaoacint.12-413,ISI,
NCEAC,"Abro, Kamran; Memon, Najma; Bhanger, M. I.; Abro, Suhail; Perveen, Shahnaz; Laghari, A. H.","DETERMINATION OF VITAMINS E, D3, AND K1 IN PLASMA BY LIQUID CHROMATOGRAPHY-ATMOSPHERIC PRESSURE CHEMICAL IONIZATION-MASS SPECTROMETRY UTILIZING A MONOLITHIC COLUMN",ANAL LETT,47,10.1080/00032719.2013.831424,ISI,
NCEAC,"Laghari, Abdul Hafeez; Memon, Shahabuddin; Nelofar, Aisha; Khan, Khalid M.",DETERMINATION OF VOLATILE CONSTITUENTS AND ANTIMICROBIAL ACTIVITY OF CAMEL THORN (ALHAGI CAMELORUM) FLOWERS,ANAL LETT,47,10.1080/00032719.2013.841178,ISI,
chemistry,"Ali N. Siyal, Saima Q. Memon, Aydan Elçi, Umit Divrikli, Aysen Hol, Aslihan, M.Y Khuhawar and Latif E",Development of 2-Acetylpyridine-4-phenyl-3-thiosemicarbazone functionalized polymer resin for the preconcentration of metal ions prior to their ultra-trace determinations by MIS-FAAS  Turkish,Journal of Chemistry  , 38 (4, 553-567 2. ,0.622,http://www.hindawi.com/journals/jchem/2013/184356/
chemistry,"Siyal, Ali Nawaz; Memon, Saima Qayoom; Elci, Aydan; Divrikli, Umit; Khuhawar, Muhammad Yar; Elci, Latif",Development of 2-acetylpyridine-4-phenyl-3-thiosemicarbazone functionalized polymeric resin for the preconcentration of metal ions prior to their ultratrace determinations by MIS-FAAS,TURK J CHEM,38,10.3906/kim-1308-51,ISI,
NCEAC,"Naeemullah; Kazi, Tasneem Gul; Tuzen, Mustafa; Shah, Faheem; Afridi, Hassan Imran; Citak, Demirhan",Development of a new green non-dispersive ionic liquid microextraction method in a narrow glass column for determination of cadmium prior to couple with graphite furnace atomic absorption S pectrometry,ANAL CHIM ACTA,812,10.1016/j.aca.2013.12.034,ISI,
NCEAC,"Naeemullah, Tasneem Gul Kazi, Mustafa Tuzen, Faheem Shah, Hassan Imran Afridi, Demirhan Citak,",Development of a new green non-dispersive ionic liquid microextraction method in a narrow glass column for determination of cadmium prior to couple with graphite furnace atomic absorption spectrometry," Analytica Chimica Acta,",,",  59-64.",4.517,http://www.elsevier.com/wps/find/journaldescription.cws_home/502681/description#description
NCEAC,"Naeemullah; Kazi, Tasneem Gul; Afridi, Hassan Imran; Shah, Faheem; Arain, Sadaf Sadia; Panhwar, Abdul Haleem; Arain, Salma Aslam; Arain, Mohammad Balal",Development of green miniaturized dispersive ionic Liquid nano-emulsion method for preconcentration of cadmium from canal and waste water samples prior to coupling with graphite furnace atomic absorption spectrometry,ANAL METHODS-UK,6,10.1039/c4ay01280a,ISI,
NCEAC,"Bhatti, Asif Ali; Memon, Shahabuddin; Memon, Najma",Dichromate Extraction by Calix[4] arene Appended Amberlite XAD-4 Resin,SEP SCI TECHNOL,49,10.1080/01496395.2013.862722,ISI,
NCEAC," Asif Ali Bhatti, Shahabuddin Memon and Najma Memon. ",Dichromate Extraction by Calix[4]arene Appended Amberlite XAD-4 Resin. ,  Sep Sci Technol ,49 (5) ,664-672,3.065,http://www.elsevier.com/wps/find/journaldescription.cws_home/600251/description#description
NCEAC,"Hassan Imran Afridi, Tasneem Gul Kazi, Farah Naz Talpur, Salma Arain, Sadaf Sadia Arain, Naveed Kazi, Abdul Haleem Panhwar","Distribution of Arsenic, Cadmium, Lead and Nickel levels in Biological Samples of Pakistani hypertensive Patients and control subjects"," Clinical laboratory,11+12,",,,1.084,https://www.clin-lab-publications.com/
NCEAC,"Afridi, Hassan Imran; Kazi, Tasneem Gul; Talpur, Farah Naz; Arain, Salma; Arain, Sadaf Sadia; Kazi, Naveed; Panhwar, Abdul Haleem","Distribution of Arsenic, Cadmium, Lead, and Nickel Levels in Biological Samples of Pakistani Hypertensive Patients and Control Subjects",CLIN LAB,60,10.7754/Clin.Lab.2013.130718,ISI,
NCEAC,"Panhwar, Abdul Haleem; Kazi, Tasneem Gul; Afridi, Hassan Imran; Talpur, Farah Naz; Arain, Salma; Kazi, Naveed","Distribution of Potassium, Calcium, Magnesium, and Sodium Levels in Biological Samples of Pakistani Hypertensive Patients and Control Subjects",CLIN LAB,60,10.7754/Clin.Lab.2013.130122,ISI,
NCEAC,"Memon, S. Kamboh, M.A.; Bhatti, A.A.; Solangi, I.B.; and Sherazi S.T.H. ",dsorption of direct black-38 azo dye on p-tert-butylcalix[6]arene immobilized material. , Arab. J. Chem. ,7 ( 1) ,125–131 ,2.684,NA
Zoology,"Khatri, Imran; Shaikh, Akram Ali; Sultana, Riffat; Wagan, Muhammad Saeed; Ahmed, Zubair",Effect of Some Insect Growth Regulators Against Gram Pod Borer Helicoverpa artnigera (Hb.) On Chickpea Cicer arietinum (L.) Under Laboratory Conditions,PAK J ZOOL,46,,ISI,
FWB,"Iqbal, Rehana; Ali, Muhammad; Narejo, Naeem Tariq; Umer, Kashif","Effect of Varying Levels of Protein from Different Animal Sources on Growth and Survival of Carp, Cirrhinus mrigala, Reared in Cemented Cisterns",PAK J ZOOL,46,,ISI,
NCEAC,"Memon, S. A.; Shaikh, S. A.; Memon, N.",EFFECTS OF PROFENOFOS AN ENDOCRINE DISRUPTING CHEMICAL ON LEYDIG'S CELLS IN RABBITS,J ANIM PLANT SCI,24,,ISI,
SU Laar Campus,A.A. Pirzado,Electrical Transport in few layer graphene,The journal of Physical Chemistry C,2(118),873-880,,
Commerce,Dr. Jawed Ahmed Chandio,Employees Job Satisfaction,International Journal of Management Sciences and Business Research,Vol: 3 issue 2,16-24,,
NCEAC,"Kandhro, Ghulam A.; Soylak, Mustafa; Kazi, Tasneem Gul; Yilmaz, Erkan",Enrichment of Copper as 1-(2-Pyridylazo)-2-Naphthol Complex by the Combination of Dispersive Liquid-Liquid Microextraction/Flame Atomic Absorption Spectrometry,J AOAC INT,97,10.5740/jaoacint.12-114,ISI,
NCEAC," A.A. Kandhero, M.Soylak, T G Kazi, ",Enrichment of copper as 1-(2-Pyridylazo)-2-naphthol complex by the combination of dispersive Liquid-Liquid Microextraction/Flame Atomic Absorption Spectrometry,JAOAC INTERNATIONAL ,"97(1),",205-210,1.385,http://www.aoac.org/
NCEAC,"Arain, Salma Aslam; Kazi, Tasneem G.; Afridi, Hassan Imran; Talpur, Farah Naz; Mughal, Moina Akhtar; Shah, Faheem; Arain, Sadaf Sadia; Panhwar, Abdul Haleem",Estimation of Copper and Iron Burden in Biological Samples of Various Stages of Hepatitis C and Liver Cirrhosis Patients,BIOL TRACE ELEM RES,160,10.1007/s12011-014-0058-9,ISI,
Biochemistry,"Wahid Bakhsh Baloch, Allah Nawaz Memon, Hassan Imran Afridi, Allah Bakhsh Ghanghro, Abdul Hameed Lanjwani.Http://Www.Scopemed.Org/Fulltextpdf.Php?Mno=154868","Estimation Of Trace And Toxic Metals From CitrullusColosynthis Lin: A Medicinal Plant Of District Kech, Balochistan Pakistan.",Rawal Medical Journal,39 (3),270-273,Y,
NCEAC,"Jalbani, Nusrat; Kazi, Tasneem G.; Jamali, Mohammad K.; Arain, Bilal M.; Afridi, Hassan I.; Balouch, Aamna","Evaluation of aluminum contents in different bakery foods by electrothermal atomic absorption spectrometer (vol 20, pg 226, 2007)",J FOOD COMPOS ANAL,34,10.1016/j.jfca.2014.02.002,ISI,
NCEAC,"Afridi, Hassan Imran; Kazi, Tasneem Gul; Talpur, Farah Naz; Arain, Salma; Arain, Sadaf Sadia; Kazi, Naveed; Panhwar, Abdul Haleem; Brahman, Kapil Dev","Evaluation of Chromium and Manganese in Biological Samples (Scalp Hair, Blood and Urine) of Tuberculosis and Diarrhea Male Human Immunodeficiency Virus Patients",CLIN LAB,60,10.7754/Clin.Lab.2013.130736,ISI,
Biochemistry,"MubeenaLaghari, FatehuddinKhand, NaseemAslamChanna and Haji khan Khoharo. ","Evaluation of dietary and biochemical risk factors involved in the pathogenesis of bladder stones in children of below ten years age at Hyderabad, Sindh. ",Med Forum. ,2014; 25(2): 88-91 ,,Y,
NCEAC,"Brahman, Kapil Dev; Kazi, Tasneem Gul; Afridi, Hassan Imran; Rafique, Tahir; Baig, Jameel Ahmed; Arain, Sadaf Sadia; Ullah, Naeem; Panhwar, Abdul Haleem; Arain, Salma","Evaluation of fresh and stored rainwater quality in fluoride and arsenic endemic area of Thar Desert, Pakistan",ENVIRON MONIT ASSESS,186,10.1007/s10661-014-4028-7,ISI,
Plant Sciences,"Tahir, R.; Bux, H.; Kazi, A. G.; Rasheed, A.; Napar, A. A.; Ajmal, S. U.; Mujeeb-Kazi, A.",Evaluation of Pakistani Elite Wheat Germplasm for T1BL.1RS Chromosome Translocation,J AGR SCI TECH-IRAN,16,,ISI,
IARSCS,"Shah, Ambreen; Khuhawar, Muhammad Yar; Shah, Asif Ali","Evaluation of Sorption Behavior of Polymeric Resin [poly 4, 4 '-(naphthyl bis(oxy))bisbenzaldehyde ethylenediamine] for Cu (II) and Ni (II) ions",J CHEM SOC PAKISTAN,36,,ISI,
NCEAC,"Tasneem Gul Kazi, Faheem Shah, Hafeezur Rehman, Hassan Imran Afridi, Naeemullah, Sadaf Sadia Arain",Exposure of lead to mothers and their new born infants residents of industrial and urban areas of Pakistan,Environmental Science Pollution Research journal,accepted -2014,,2.757,http://www.springer.com/environment/journal/11356
NCEAC,"Kazi, Tasneem G.; Shah, Faheem; Shaikh, Haffeezur Rehman; Afridi, Hassan Imran; Shah, Afzal; Naeemullah; Arain, Sadaf Sadia","Exposure of lead to mothers and their new born infants, residents of industrial and domestic areas of Pakistan",ENVIRON SCI POLLUT R,21,10.1007/s11356-013-2223-7,ISI,
SU Laar Campus,Khalil U Rehman Bhatti,Faceted and overall job satisfaction among University Teachers,Pakistan Global Managemen Journal for Academic & corporate studies,vol: 4 No. 4,,,
Physics,"Hussain, M. S.; Rasul, B.; Nizamani, A. H.; Tahir, M.",Feasibility of a drift-induced instability in modulated graphene,PHYSICA E,56,10.1016/j.physe.2013.09.010,ISI,
Geology,"Rage, Jean-Claude; Metais, Gregoire; Bartolini, Annachiara; Brohi, Imdad A.; Lashari, Rafiq A.; Marivaux, Laurent; Merle, Didier; Solangi, Sarfraz H.",First report of the giant snake Gigantophis (Madtsoiidae) from the Paleocene of Pakistan: Paleobiogeographic implications,GEOBIOS-LYON,47,10.1016/j.geobios.2014.03.004,ISI,
NCEAC,"Brahman, Kapil D.; Kazi, Tasneem G.; Baig, Jameel A.; Afridi, Hassan I.; Khan, Abdullah; Arain, Sadaf S.; Arain, Muhammad B.","Fluoride and arsenic exposure through water and grain crops in Nagarparkar, Pakistan",CHEMOSPHERE,100,10.1016/j.chemosphere.2013.11.035,ISI,
NCEAC," K. D. Brahman, T. G. Kazi J.A. Baig, H. I. Afridi, S.S. Arain, M.B. Arain","Fluoride and arsenic exposure through water and grain crops in Nagarparkar, Pakistan",Chemosphere ,"100, ", 182–189. ,3.499,http://www.elsevier.com/wps/find/journaldescription.cws_home/362/description
Physical Education,Dr. Soniha Aslam,Frequency of Type-2 Diabetes Mellitus in Patients with Chronic Hepatitis-C,J-LUMHS,13(2),51-56,Y,
IMCS,"Nizamani, Sarwat; Memon, Nasrullah; Galam, Serge",From public outrage to the burst of public violence: An epidemic-like model,PHYSICA A,416,10.1016/j.physa.2014.09.006,ISI,
FWB,"S.T. Qureshi, S.A. Memon, B. Waryani, A.R. Abbasi, W. Patoli, Y. Soomro, H. Bux, and F.A. Bughio ",Gamma Rays Induced Phenotypic Mutations In Chickpea (Cicerarietinum L.) ,Sindh Univ. Res. Jour. (Sci. Ser) ,Vol. 46 (4): 473-478,,,
Physiology,"Kandhro, Aftab A, Mahesar, S. A, Khaskheli, A. R, Sherazi, S. T. H, Sofia, Q, Zakia, K. ",Gas chromatographic coupled mass spectroscopic study of fatty acids composition in Nigella sativa L. (KALONJI) oil commercially available in Pakistan.,Int Food Res J Accepted,,,,http://www.ifrj.upm.edu.my/
Physiology,"Kandhro, Aftab A, Mahesar, S. A, Khaskheli, A. R, Sherazi, S. T. H, Sofia, Q, Zakia, K. ",Gas chromatographic coupled mass spectroscopic study of fatty acids composition in Nigella sativa L. (KALONJI) oil commercially available in Pakistan.,Int Food Res J Accepted,,,,http://www.ifrj.upm.edu.my/
Zoology,"Khatri, Imran; Rustamani, Maqsood Anwar; Ahmed, Zubair; Sultana, Riffat","Genus Exitianus (Auchenorrhyncha, Cicadellidae, Deltocephalinae, and Chiasmini) in Tando Jam, Sindh, Pakistan",J INSECT SCI,14,10.1093/jisesa/ieu097,ISI,
NCEAC,"Junejo, Yasmeen; Baykal, A.; Sirajuddin",Green Chemical Synthesis of Silver Nanoparticles and its Catalytic Activity,J INORG ORGANOMET P,24,10.1007/s10904-013-9974-y,ISI,
FWB,"Muhsan Ali Kalhoro, Qun Liu, Baradi Waryani,  Sher Khan Panhwar and Khadim Hussain Memon","Growth and Mortality of Brushtooth Lizardfish, Saurida undosquamis, from Pakistani Waters ",Pakistan J. Zool,"46(1), pp. 139-151 ",,0.585,
Languages,Prof. Dr. Hafiz Abdul Ghani Shaikh,Hayat-ul- Mutanabbi wa Sheruhu Fil- Madeeh,"The Islamic Culture Research Journal Shaikh Zayed Islamic Center, Karachi University.ISSN: 1813-775",,Accepted & Written in Arabic,Z,
Biochemistry,"Naseem A. Channa, Ayesha Khan.  ","Hazards of Mainpuri chewing in Hyderabad and adjoining areas, Pakistan. ",Rawal Medical Journal. ," 2014, 39(2): 216-19 ",,Z,
Biochemistry,"Sumera Qureshi, Sikandar Ali Memon, Allah Buxghanghro, Muhammad Faisal Qureshi, Moina Akhtar Mughal, Tahira Qureshi.Http://Www.Als-Journal.Com/Articles/Vol1issue4/144.14/4.1pdf.Pdf",Hemoglobin Adducts In Paint Industry Workers: An Electrophoretic Analysis.,International Journal Of Advancements In Life Sciences,1 (4),208-214,,
Languages,Prof. Dr. Hafiz Abdul Ghani Shaikh,Hub-un-Nabi (saws) fee Sher Iqbal,The Islamic Culture Bi Annual Research Refereed Journal Shaikh Zayed Islamic Center University of Karachi ISSN: 1813-775  (Arabic Section),Vol: (xxx),PP: 3-11,Z,
Commerce,Prof. Dr. Hakim Ali Kanasro,Human Resources Development: A state of Technical and Vocational School Education,Grassroots,Vol: 48 No. II,227-236,Y,
FWB,"Laghari, Muhammad Y.; Lashari, Punhal; Zhang, Yan; Sun, Xiaowen",Identification of Quantitative Trait Loci (QTLs) in Aquaculture Species,REV FISH SCI AQUAC,22,10.1080/23308249.2014.931172,ISI,
NCEAC," Laghari A.Q., Memon S., Nelofar A. and Laghari A.H.",Identification of various alkaloids in Tecomella undulata G. Don flowers. ,J. King Saud University (Science) http://dx.doi.org/10.1016/j.jksus.2014.02.005 2014 ( Accepted),26 issue 4,300-304,,http://dx.doi.org/10.1016/j.jksus.2014.02.005 2014
NCEAC," Laghari A.Q., Memon S., Nelofar A. and Laghari A.H.",Identification of various alkaloids in Tecomella undulata G. Don flowers. ,J. King Saud University (Science) http://dx.doi.org/10.1016/j.jksus.2014.02.005 2014 ( Accepted),26 issue 4,300-304,,http://dx.doi.org/10.1016/j.jksus.2014.02.005 2014
Plant Sciences,"Memon, Rabia Asma; Bhatti, G. Raza; Khalid, Shahida; Ahmed, Shakeel","ILLUSTRATED WEED FLORA OF COTTON CROP OF KHAIRPUR DISTRICT, SINDH, PAKISTAN",PAK J BOT,46,,ISI,
Biochemistry,"Shaista Khan, Allah Bux Ghanghro, A.N Memon, Muhammad Yakoob Khan, Ibtessamtahir.Http://Www.Researchgate.Net/Publication/262973800_Immunological_Study_Among_The_Workers_Of_Bakery_And_Flour_Mill_In_Hyderabad_And_Adjoining_Areas",Immunological Study Among The Workers Of Bakery And Flour Mill In Hyderabad And Adjoining Areas.,Rawal Medical Journal,39 (2),159-162,Y,
Physical Education,Dr. Muhammad Akram Ansari,Impact of Teaching Techniques on the performance of Learners in Pakistan,IRJAH,42(42),223-242,Z,
SU Laar Campus,Abdul Qadir Patoli,Impact on Inflation on Texas,Journal of Management of Social Sciences,"vol: 8, issue 2",,,
,"Chand, Ram; Khaskheli, Murad Ali; Qadir, Abdul; Sandali, Yahya; Shi, Qingfan",Influence of spontaneous percolation on apparent mass at the bottom of a Janssen granular column,PHYSICA A,393,10.1016/j.physa.2013.09.022,ISI,
NCEAC,"Afridi, Hassan Imran; Kazi, Tasneem Gul; Talpur, Farah Naz; Kazi, Atif; Arain, Sadaf Sadia; Arain, Salma Aslam; Brahman, Kapil Dev; Panhwar, Abdul Haleem; Naeemullah; Shezadi, Mariam; Ali, Jamshed",Interaction Between Essential Elements Selenium and Zinc with Cadmium and Mercury in Samples from Hypertensive Patients,BIOL TRACE ELEM RES,160,10.1007/s12011-014-0048-y,ISI,
NCEAC,"Afridi, Hassan Imran; Kazi, Tasneem Gul; Talpur, Farah Naz; Kazi, Atif; Arain, Sadaf Sadia; Arain, Salma Aslam; Brahman, Kapil Dev; Panhwar, Abdul Haleem; Naeemullah",Interaction Between Selenium and Mercury in Biological Samples of Pakistani Myocardial Infarction Patients at Different Stages as Related to Controls,BIOL TRACE ELEM RES,158,10.1007/s12011-014-9932-8,ISI,
Pharmacy,"Abdul Malik Ahmed, Abdullah Dayo, Muhammad Ali Ghoto",in-vitro study of stability and quantity of some clinically and non-clinically used cortisons,"International journal of biology, pharmacy and allied sciences",3(12),2720-2733,0.812,
CRIC,Dr. Bashir Ahmed Rind,Islam ka dars e Rawadari,Usool e Deen,"V  1, N0.2,",,,NA
CRIC,Dr. Bashir Ahmed Rind,Islam ka dars e Rawadari,Usool e Deen,"V  1, N0.2,",,,NA
,"amran Abro, S. A. Mahesar, Seema Iqbal, Shahnaz Perveen.",K Quantification of malachite green in fish feed samples utilizing liquid chromatography tandem mass spectrometry with monolithic column. ,"Food Addit Contam Part A, ","31 (5),",827-32.,2.341,http://www.tandf.co.uk/journals/titles/0265203X.asp
NCEAC," Sin Tee Tan, Akrajas Ali Umar, Aamna Bolouch, Muhammad Yahaya, Suratun Nafisah, Chi Chin Yap, Muhamad Mat Salleh ,","Kityk and Munetaka Oyama,Ag-ZnO Nanoreactor Grown on FTO Substrate Exhibiting High Heterogeneous Photocatalytic Efficiency,",ACS Combinatorial Science,"I. V.  , ",,,
,"Bawany, Faizan Imran; Khan, Muhammad Shahzeb; Shoaib, Atif Bilal; Naeem, Muhammad; Kazi, Abdul Nafey; Shehzad, Abdul Moid",Knowledge and Practices of Barbers Regarding HIV Transmission in Karachi: A Cross-Sectional Study,J COMMUN HEALTH,39,10.1007/s10900-014-9835-9,ISI,
NCEAC,"Soomro, Razium A.; Nafady, Ayman; Sirajuddin; Memon, Najma; Sherazi, Tufail H.; Kalwar, Nazar H.",L-cysteine protected copper nanoparticles as colorimetric sensor for mercuric ions,TALANTA,130,10.1016/j.talanta.2014.07.023,ISI,
FWB,"Waryani, B.; Dai, R.; Panhwar, S. K.; Zhao, Y.; Zhang, J.; Zhang, C.; Cao, W.","Length- weight relationships for five loach species collected from the Jinshajiang River, China",J APPL ICHTHYOL,30,10.1111/jai.12387,ISI,
FWB,"Murtaza Hasan,Javed Iqbal, Umer Awan, Nian Xin, Hao Dang, Baradi Waryani, Yasmeen Saeed, Kaleem Ullah, Dai Rongji, Yulin Deng.","LX loaded Nanoliposomes synthesis, characterization and cellular uptake studies in H2O2 stressed SH-SY5Y., Cells ",J. Nanosci. Nanotechnol,June; 14(6); 4066-71  ,DOI: 10. 1007/s13131-014-0463-0 ,0.684,
SU Laar Campus,A.A. Pirzado,Macronization (Densification) of graphene via vibratory compaction,Manufacturing letters,submitted,,,
FWB,"Laghari, Muhammad Younis; Lashari, Punhal; Zhang, Xiaofeng; Xu, Peng; Narejo, Naeem Tariq; Liu, Yongxin; Mehboob, Shahid; Al-Ghanim, K.; Zhang, Yan; Sun, Xiaowen",Mapping QTLs for Swimming Ability Related Traits in Cyprinus carpio L.,MAR BIOTECHNOL,16,10.1007/s10126-014-9578-8,ISI,
FWB,"Laghari, M. Y.; Lashari, P.; Zhang, X.; Xu, P.; Xin, B.; Zhang, Y.; Narejo, N. T.; Sun, X.","Mapping quantitative trait loci (QTL) for body weight, length and condition factor traits in backcross (BC1) family of Common carp (Cyprinus carpio L.)",MOL BIOL REP,41,10.1007/s11033-013-2911-x,ISI,
Pharmacy,"Abbas Ali Ghoto, Ghulam Hyder Talpur, Sumera Dero, Muhammad Ali Ghoto",Measuring the independence of homogeneity of problems faced by women councilors,Int. J. of Adv. Res.,2(3),723-730,1.659,
IARSCS,"Kandhro, Abdul Jabbar; Khuhawar, Muhammad Yar",Micellar Electrokinetic Capillary Chromatography Determination of Guanidino Compounds in Serum of Uremic Patients by using Pyridoin as Derivatizing Reagent.,J CHEM SOC PAKISTAN,36,,ISI,
Commerce,Dr. Jawed Ahmed Chandio,Modelling the Relationship of unclear career development with job dissatisfaction,IRJAH,,,,
NCEAC,"Jalbani, Nusrat; Soylak, Mustafa; Munshi, Alia Bano; Kazi, Tasneem Gul",MULTIVARIATE OPTIMIZATION OF PARAMETERS FOR THE DETERMINATION OF THORIUM IN ROCK SAMPLES BY CLOUD POINT EXTRACTION COUPLED TO UV-VISIBLE SPECTROPHOTOMETRY,FRESEN ENVIRON BULL,23,,ISI,
NCEAC,"Shar, Z. H.; Sumbal, G. A.; Sherazi, S. T. H.; Bhanger, M. I.; Nizamani, S. M.",Natural co-occurrence of aflatoxins and deoxynivalenol in poultry feed in Pakistan,FOOD ADDIT CONTAM B,7,10.1080/19393210.2013.867904,ISI,
FWB,"A. Malik, B. Waryani, I.B. Kalhoro, H. Kalhoro, S.A. Shah and N.T. Narejo ","Observe the growth Performance and adaptation of Exotic Fish Red Tilapia (hybrid) in climate of Fish Hatchery Chilya, Thatta, Sindh-Pakistan ",Sindh Univ. Res. Jour. (Sci. Ser) ,Vol. 46 (4): 461-464 ,,,
NCEAC," Tasneem Gul Kazi, Faheem Shah, Hassan Imran Afridi and Naeemullah,",Occupational and environmental lead exposure to adolescent workers in battery recycling workshops.,  Toxicology and Industrial Health,,,1.71,http://tih.sagepub.com/
Pharmacy,"A. R. RAJPAR, I. KHTRI, M. A. RUSTAMANI, S_UR_ REHMAN, B. A. PIRZADO",On some common Acridinae Grasshoppers found in Tandojam,Sindh University Research Journal (Science Series),"Vol 46, No 4 (2014)",,X,
IICT,"S. NIZAMANI, SAAD NIZAMANI, SEHRISH NIZAMANI, I. A. ISMAILI",On the computational models for the analysis of illicit activities†,Sindh University Research Journal (Science Series),"Vol 46, No 4 (2014)",,X,
NCEAC,"Chandio, Zaheer Ahmed; Talpur, Farah Naz; Khan, Humaira; Afridi, Hassan Imran; Khaskheli, Ghulam Quadir; Mughal, Moina Akhtar",On-line preconcentration and determination of ultra trace amounts of mercury using surfactant coated alumina modified by dithizone with cold vapor atomic absorption spectrometry,RSC ADV,4,10.1039/c3ra43712d,ISI,
NCEAC," Zaheer A. Chandio, Farah N. Talpur, H.I. Afridi, Humaira Khan,Ghulam Quadir Khaskheli",On-line preconcentration and determination of ultra trace amounts of mercury using surfactant coated alumina modified by dithizone with cold vapor atomic absorption spectrometry. ,"RSC Advances,  ",14,326-333,,NA
Pharmacy,"Abdullah Dayo, Muhammad Ali Ghoto, Naheed Memon, ",Penetration enhancing effect of Eucalyptus Oil towards various drugs with different solubility of water,Jokull Journal,"vol: 64, No. 2",54-8,1.604,
Plant Sciences,"Amir, Rabia; Minhas, Nasir M.; Kazi, Alvina Gul; Farrakh, Sumaira; Ali, Ahmad; Bux, Hadi; Kazi, Mujeeb",Phenotypic and genotypic characterization of wheat landraces of Pakistan,EMIR J FOOD AGR,26,10.9755/ejfa.v26i2.17008,ISI,
NCEAC,"W Jamil, S Perveen, SAA Shah, M Taha, NH Ismail",Phenoxyacetohydrazide Schiff bases: ?-Glucuronidase inhibitors … - Molecules,mdpi.com ,,,,NA
NCEAC,"W Jamil, S Perveen, SAA Shah, M Taha, NH Ismail",Phenoxyacetohydrazide Schiff bases: ?-Glucuronidase inhibitors … - Molecules,mdpi.com ,,,,NA
NCEAC,"Jamil, Waqas; Perveen, Shagufta; Shah, Syed Adnan Ali; Taha, Muhammad; Ismail, Nor Hadiani; Perveen, Shahnaz; Ambreen, Nida; Khan, Khalid M.; Choudhary, Muhammad I.",Phenoxyacetohydrazide Schiff Bases: beta-Glucuronidase Inhibitors,MOLECULES,19,10.3390/molecules19078788,ISI,
Zoology,"Memon, N.; Gilbert, F.; Shaikh, A. M.",PHYLOGENY OF THE WORLD SPECIES OF MUSTHA AMYOT AND SERVILLE (HEMIPTERA: PENTATOMIDAE: PENTATOMINAE: HALYINI) BASED ON MORPHOLOGICAL CHARACTERS,J ANIM PLANT SCI,24,,ISI,
SU Laar Campus,Muhammad Tufail chandio,Poetry of Moulvi Ahmed Mallah,Sidhi Boli Research Journal,vol:7 ser II & III,132-144,,
IBA,"Wisniewski, Tomasz P.; Pathan, Saima K.",Political environment and foreign direct investment: Evidence from OECD countries,EUR J POLIT ECON,36,10.1016/j.ejpoleco.2014.07.004,ISI,
NCEAC,"Wadhwa, Sham Kumar; Tuzen, Mustafa; Kazi, Tasneem Gul; Soylak, Mustafa; Hazer, Baki","Polyhydroxybutyrate-b-polyethyleneglycol block copolymer for the solid phase extraction of lead and copper in water, baby foods, tea and coffee samples",FOOD CHEM,152,10.1016/j.foodchem.2013.11.133,ISI,
NCEAC," S. K. Wadhwa, M. Tuzen, T. G. Kazi, M. Soylak, B. Hazer, ","Polyhydroxybutyrate-b-polyethyleneglycol block copolymer for the solid phase extraction of lead and copper in water, baby foods, tea and coffee samples.",Food Chemistry (,,152 75,3.259,http://www.elsevier.com/wps/find/journaldescription.cws_home/405857/description
Education,"Kalhoro, Muhsan Ali; Liu Qun; Memon, Khadim Hussain; Chang, Mohammad Saleem; Zhang Kui",Population dynamics of Japanese threadfin bream Nemipterus japonicus from Pakistani waters,ACTA OCEANOL SIN,33,10.1007/s13131-014-0401-1,ISI,
Zoology,"Rustamani, Maqsood Anwar; Khatri, Imran; Sultana, Riffat; Laghari, Mujahid Hussain","Population Fluctuation of Red Flour Beetle, Tribolium castaneum (Herbst.) (Coleoptera: Tenebrionidae) on Different Cereal Foods in Laboratory",PAK J ZOOL,46,,ISI,
NCEAC,"Akrajas Ali Umar, Suratun Nafisah, Siti Khatijah Md Saad, Aamna Balouch, Sin Tee Tan, Muhamad Mat Salleh, Munetaka Oyama, ",Poriferous microtablet of anatase TiO2 growth on an ITO surface for high-efficiency dye-sensitized solar cells.  ,Solar Energy Materials and Solar Cells,122,174–182.,5.03,http://www.elsevier.com/wps/find/journaldescription.cws_home/505675/description#description
NCEAC,"Arain, Mariam S.; Kazi, Tasneem G.; Afridi, Hassan I.; Arain, Salma A.; Ali, Jamshed; Naeemullah; Arain, Sadaf S.; Panhwar, Abdul Haleem; Shanker, Bhawani",Preconcentration and determination of manganese in biological samples by dual-cloud point extraction coupled with flame atomic absorption spectrometry,J ANAL ATOM SPECTROM,29,10.1039/c4ja00266k,ISI,
NCEAC,"Pekiner, Ozlem Zeynep; Naeemullah; Tuzen, Mustafa",Preconcentration and speciation of vanadium by three phases liquid-liquid microextraction prior to electrothermal atomic absorption spectrometry,J IND ENG CHEM,20,10.1016/j.jiec.2013.08.037,ISI,
NCEAC,"S.S. Arain, T.G. Kazi , H.I. Afridi, J.A. Arain,  Naeemullah, K.D. Brahman, ",Preconcentration of toxic elements in artificial saliva extract of different smokeless tobacco products by dual-cloud point extraction,Microchemical Journal,"112, January 2014, ",42-49,ISI,NA
NCEAC,"S.S. Arain, T.G. Kazi , H.I. Afridi, J.A. Arain,  Naeemullah, K.D. Brahman, ",Preconcentration of toxic elements in artificial saliva extract of different smokeless tobacco products by dual-cloud point extraction,Microchemical Journal,"112, January 2014, ",42-49,,NA
IARSCS,"Shah, Ambreen; Khuhawar, M. Y.; Shah, Asif Ali","Preparation and Characterization of Poly Metal Complexes Derived from 5,5 '-Methylenebis(2-Hydroxy Benzaldehyde) and 6,6 '-Methylenebis(2-hydroxy naphthaldehyde) with Hydrazine and 4-Amino Phenyl Ether",ASIAN J CHEM,26,,ISI,
NCEAC,"Farrukh, Sarah; Minhas, Fozia T.; Hussain, Arshad; Memon, Shahabuddin; Bhanger, M. I.; Mujahid, M.","Preparation, Characterization, and Applicability of Novel Calix[4] arene- Based Cellulose Acetate Membranes in Gas Permeation",J APPL POLYM SCI,131,,ISI,
Pharmacy,"Ghoto, M.A., Imran Suheriyani, A. Dayo",Prescibing trend of of private consultant in Hyd,Int. J. of Adv. Res.,2(3),956-962,1.659,
Pharmacy,"Fahad Jibran Siyal, Abdullah Dayo, Jawaid Akbar Siyal",Prescription trend of challenging problems in cardiac patients,Int. J. Pharm. Sci. Rev. Res.,24(1),263-267,1.704,
Pharmacy,"Mudassar Iqbal Arain, Muhammad Ali Ghoto, Abdullah Dayo",Prevalence of self medication in the urban settings of Hyderabad,"International journal of biology, pharmacy and allied sciences",3(12),2744-2752,0.812,
Biochemistry,"Sumera Qureshi, Allah Buxghanghro,Shista Khan, Ambreen Shah.Http://Www.Als-Journal.Com/Manuscriptid30-84-1/",Protein Toxicity In Kotri Paint Industry Workers Exposed To Phthalic Anhydride And TrimelliticAnhydrine.,International Journal Of Advancements In Life Sciences,1 (2),Pp: 3-8,,
NCEAC,"Memon, Shahabuddin; Laghari, Abdul Hafeez; Kandhro, Aftab A.; Memon, Fakhar N.; Nelofar, Aisha",Purification of flavonoid metal complexes from Alhagi camelorum with calix[4]arene based impregnated resin,ANAL METHODS-UK,6,10.1039/c4ay00167b,ISI,
FWB,"Punhal, Lashari; Laghari, Muhammad Younis; Narejo, Naeem Tariq; Zhang, Xiaofeng; Xu, Peng; Sun, Xiaowen; Zhang, Yan",QTL for Short-Duration Vigorous Swimming Movements in Common Carp (Cyprinus carpio L.) Based on LDH Activity,PAK J ZOOL,46,,ISI,
NCEAC,"Ali, M.; Sherazi, S. T. H.; Mahesar, S. A.",Quantification of erythromycin in pharmaceutical formulation by transmission Fourier transform infrared spectroscopy,ARAB J CHEM,7,10.1016/j.arabjc.2012.09.003,ISI,
NCEAC,"Abro, Kamran; Mahesar, Sarfaraz Ahmed; Iqbal, Seema; Perveen, Shahnaz",Quantification of malachite green in fish feed utilising liquid chromatography-tandem mass spectrometry with a monolithic column,FOOD ADDIT CONTAM A,31,10.1080/19440049.2014.893398,ISI,
NCEAC,"Jawaid, Sana; Talpur, Farah N.; Afridi, Hassan Imran; Nizamani, Shafi M.; Khaskheli, Abid A.; Naz, Saba",Quick determination of melamine in infant powder and liquid milk by Fourier transform infrared spectroscopy,ANAL METHODS-UK,6,10.1039/c4ay00558a,ISI,
Languages,Prof. Dr. Hafiz Abdul Ghani Shaikh,Quran men Shaqq ul Qamar ji Haqiqat aen un jy asarat jo Tahqiqi Jaezo,"Peace, Department of Islamic Culture, University of sindh Jamshoro",,Accepted for Publication,Z,
,"Pakistan Study Center University of Sindh, Jamshoro.    ",Ramification of Black Magic in Pakistan,Published in Gross roots, Vol. XLVII No. I ,,Z,NA
,"Pakistan Study Center University of Sindh, Jamshoro.    ",Ramification of Black Magic in Pakistan,Published in Gross roots, Vol. XLVII No. I ,,Z,NA
NCEAC,"Safdar, M.; Junejo, Y.; Arman, K.; Abasiyanik, M. F.",Rapid Bovine and Caprine species Identification in Ruminant Feeds by Duplex Real-Time PCR Melting Curve Analysis Using EvaGreen Fluorescence Dye,MOL BIOTECHNOL,56,10.1007/s12033-014-9756-y,ISI,
NCEAC," S.Khan, M. Soylak, T.G. Kazi",Rapid ionic liquid-based ultrasound assisted dual magnetic microextraction to preconcentrate and separate cadmium -4-(2-thiazolylazo)-resorcinol complex from environmental and biological samples.,Spectrochimica Acta Part A,"123, ",194–199,2.129,http://www.elsevier.com/wps/find/journaldescription.cws_home/525436/description#description
NCEAC,"Khan, Sumaira; Kazi, Tasneem Gul; Soylak, Mustafa",Rapid ionic liquid-based ultrasound assisted dual magnetic microextraction to preconcentrate and separate cadmium-4-(2-thiazolylazo)-resorcinol complex from environmental and biological samples,SPECTROCHIM ACTA A,123,10.1016/j.saa.2013.12.065,ISI,
NCEAC,"Memon, Fakhar N.; Memon, Shahabuddin; Minhas, Fozia T.",Rapid transfer of methyl red using calix[6]arene as a carrier in a bulk liquid membrane,CR CHIM,17,10.1016/j.crci.2013.09.015,ISI,
NCEAC,"Afridi, Hassan Imran; Kazi, Tasneem Gul; Talpur, Farah Naz; Naher, Sumsun; Brabazon, Dermot",Relationship between Toxic Metals Exposure via Cigarette Smoking and Rheumatoid Arthritis,CLIN LAB,60,10.7754/Clin.Lab.2014.131117,ISI,
NCEAC, Memon S.; Memon N. and Memon S,Removal of carbofuran and methylparathion from aqueous media through calix[4]arene based impregnated resin. ,"Desal. Water Treat 1-11, ",,,0.988,http://www.deswater.com/
NCEAC,"Memon S., Memon N. and Memon S.",Removal of parathion from aqueous media through p-tert-butylcalix[4]arene based modified silica. , Pak. J. Anal. Environ. Chem,,,Z,NA
NCEAC,"Memon S., Memon N. and Memon S.",Removal of parathion from aqueous media through p-tert-butylcalix[4]arene based modified silica. , Pak. J. Anal. Environ. Chem,,,Z,NA
Commerce,"Jhatial, A.A, Conelius, N. & Wallace, J.",Rhetorics and realities of management practices in Pakistan,Business History,"56, issue 3",456-484,0.27,
,"Khan, Qaisar; Sultana, Nighat; Bughio, Qasim; Naz, Arab",Role of Language in Gender Identity Formation in Pakistani School Textbooks,INDIAN J GEND STUD,21,10.1177/0971521513511200,ISI,
Languages,Prof. Dr. Hafiz Abdul Ghani Shaikh,Roya –e Sadiqa Anbiya key Khuwab orr un ki Fazeelat wa Ahmiyat,The Islamic Culture Bi Annual Research Refereed Journal Shaikh Zayed Islamic Center University of Karachi ISSN: 1813-775  (Urdu Section),Vol: (xxx),PP: 49-56,Z,
,"Memon, Imran; Domenic, Kamenyi; Memon, Hina; Akhtar, Rizwan; Yong, Wang; Zhang, Fengli",Rumor Riding: An Anonymity Approach for Decentralized Peer to Peer Systems,WIRELESS PERS COMMUN,79,10.1007/s11277-014-1878-9,ISI,
NCEAC,"ana Jawaid, Farah Naz Talpur, Hassan Imran Afridi, Shafi Ahmed Nizamani, Abid Ali Khaskheli and   Saba Naz.",S Quick determination of melamine in infant powder and liquid milk by Fourier Transform Infrared spectroscopy.,Analytical Methods. DOI: 10.1039/C4AY00558A,,,1.938,http://pubs.rsc.org/en/journals/journalissues/ay
Languages,Prof. Dr. Hafiz Abdul Ghani Shaikh,Sahabiyat ki sher say dilchaspi oor Rasaee Shaeri,Tahqiq Bi-Annual Research JournalISSN: 2071-467 ,vol: 28,PP: 166-175,Z,
NCEAC,"Mahesar, S. A.; Kandhro, Aftab A.; Khaskheli, Abdul Rauf; Talpur, M. Y.; Sherazi, S. T. H.",SB-ATR FTIR Spectroscopic Monitoring of Free Fatty Acids in Commercially Available Nigella sativa (Kalonji) Oil,J SPECTROSC,,10.1155/2014/510890,ISI,
chemistry,"Siyal, Ali N.; Memon, Saima Q.; Elci, Aydan; Akdogan, Abdullah; Hol, Aysen; Kartal, Aslihan A.; Elci, Latif",Schiff base-functionalised styrofoam resin for preconcentration of metal ions in wastewater and wastewater-irrigated vegetables samples,INT J ENVIRON AN CH,94,10.1080/03067319.2014.974590,ISI,
chemistry,"Memon, Saima Q.; Memon, Najma; Mallah, Arfana; Soomro, Rubina; Khuhawar, M. Y.",Schiff Bases as Chelating Reagents for Metal Ions Analysis,CURR ANAL CHEM,10,,ISI,
chemistry,"Mallah, Arfana; Memon, Saima Qayyum; Solangi, Amber Rehana; Khan, Abdullah; Khuhawar, Muhammad Yar; Bhanger, Muhammad Iqbal","Separation and Determination of Chromium (III) Chromium (VI), Gold (III) and Arsenic (V) by Capillary Zone Electrophoresis Using 2-Acetylpyridine-4-phenylthiosemicarbazone as Complexing Reagent",J CHEM SOC PAKISTAN,36,,ISI,
Languages,Prof. Dr. Hafiz Abdul Ghani Shaikh,Shah Abdul Latif Poetry Reflects the Quranic verses of Islamic Traditions,"Irjah International Research Journal of Arts and Humanities University of Sindh, Pakistan ISSN: 1016- 9342.",Vol: 42,PP: 199-210,Z,
Geology,"Agheem, Muhammad Hassan; Shah, Mohammad Tahir; Khan, Tahseenullah; Murata, Mamoru; Arif, Muhammad; Dars, Humaira","Shigar valley gemstones, their chemical composition and origin, Skardu, Gilgit-Baltistan, Pakistan",ARAB J GEOSCI,7,10.1007/s12517-013-1045-8,ISI,
Physical Education,Dr. Soniha Aslam,Significance of advance technology using modern equipment in International sports competitions,The Shield,9,58-65,Y,
NCEAC,"Memon, Shahabuddin; Memon, Fakhar N.; Durmaz, Fatih; Memon, Naeem A.; Memon, Ayaz A.; Kara, Huseyin",Simultaneous determination of some basic dyes using p-tetranitrocalix[4]arene-appended silica-based HPLC column,ANAL METHODS-UK,6,10.1039/c4ay01046a,ISI,
IARSCS,"Hayat, Amir; Jahangir, Taj Muhammad; Khuhawar, Muhammad Yar; Alamgir, Malik; Siddiqui, Amna Jabbar; Musharraf, Syed Ghulam",Simultaneous HPLC determination of gamma amino butyric acid (GABA) and lysine in selected Pakistani rice varieties by pre-column derivatization with 2-Hydroxynaphthaldehyde,J CEREAL SCI,60,10.1016/j.jcs.2014.05.011,ISI,
NCEAC,"Kandhro, Ghulam A.; Soylak, Mustafa; Kazi, Tasneem Gul",Solid Phase Extraction of Thorium on Multiwalled Carbon Nanotubes Prior to UV-Vis Spectrophotometric Determination in Ore Samples,ATOM SPECTROSC,35,,ISI,
NCEAC,"Arain, Salma Aslam; Kazi, Tasneem G.; Afridi, Hassan Imran; Abbasi, Abdul Rasool; Baig, Jameel Ahmed; Panhwar, Abdul Haleem; Ullah, Naeem","Solid phase microextraction of trace levels of copper in serum samples of hepatitis B patients, on activated carbon cloth modified with an ionic liquid by using a syringe mountable filter technique",J ANAL ATOM SPECTROM,29,10.1039/c4ja00304g,ISI,
Physiology,"Liu, Yu-Ru; Laghari, Zulfiqar A.; Novoa, Carolina A.; Hughes, Jaime; Webster, Jamie R. M.; Goodwin, Paul E.; Wheatley, Sally P.; Scotting, Paul J.",Sox2 acts as a transcriptional repressor in neural stem cells,BMC NEUROSCI,15,10.1186/1471-2202-15-95,ISI,
IARSCS,"Alamgir, Malik; Hayat, Amir; Majidano, Asghar Ali; Khuhawar, Muhammad Yar","Spectrophotometric Determination of Metformin in Pharmaceutical Preparations, Serum and Urine using Benzoin as Derivatizing Reagent",J CHEM SOC PAKISTAN,36,,ISI,
NCEAC,"Esir, S.; Junejo, Y.; Baykal, A.; Toprak, M.; Sozeri, H.","SrFe12O19/Zn0.65Ni0.25Cu0.1Fe2O4 Core-Shell Nanocomposite: Synthesis, Chracterization and Catalytic Activity in Aqueous Solution",J INORG ORGANOMET P,24,10.1007/s10904-014-0031-2,ISI,
Plant Sciences,"Ahmed, Sania; Bux, Hadi; Rasheed, Awais; Kazi, Alvina Gul; Rauf, Abdul; Mahmood, Tariq; Mujeeb-Kazi, Abdul",Stripe rust resistance in Triticum durum - T-monococcum and T-durum - T-urartu amphiploids,AUSTRALAS PLANT PATH,43,10.1007/s13313-013-0237-8,ISI,
SU Laar Campus,Tayyaba Makhdoom,Students' attitude towards business studies,The Sindh University Journal of Education,2014 vol: 43,,,
Pharmacy,"Naheed Memon, Muhammad Ali Ghoto, Abdullah Dayo",Study on drug-drug interaction in prescription of hypertensive patients,Jokull Journal,"vol: 64, No. 5",230-40,1.604,
chemistry,"Siyal, Ali N.; Elci, Latif; Memon, Saima Q.; Akdogan, Abdullah; Hol, Aysen; Kartal, Aslihan Arslan; Khuhawar, Muhammad Yar",Synthesis and characterisation of novel chelating resin for selective preconcentration and trace determination of Pb(II) ions in aqueous samples by innovative microsample injection system coupled flame atomic absorption spectrometry,INT J ENVIRON AN CH,94,10.1080/03067319.2013.871716,ISI,
,"Junejo, Y.; Guner, A.; Baykal, A.",Synthesis and characterization of amoxicillin derived silver nanoparticles: Its catalytic effect on degradation of some pharmaceutical antibiotics,APPL SURF SCI,317,10.1016/j.apsusc.2014.08.133,ISI,
chemistry,"Ali N. Siyal, Latif Elçi, Saima Q. Memon, Abdullah Akdogan, Aysen Hol, Aslihan  Arslan Kartal and Muhammad Yar Khuhawar",Synthesis and characterization of novel chelating resin for selective preconcentration and trace determination of Pb(II) ions in aqueous samples by innovative microsample injection system coupled flame atomic spectrometry  ,International Journal Environmental Analytical Chemistry,94 (8) ,743-755 1. ,1.321,http://www.tandf.co.uk/journals/titles/03067319.html
NCEAC,"Syed Tufail Hussain Sherazi, Razium Ali Soomro, Siraj Uddin, Najma Memon, ","Synthesis and Characterizations of Highly Efficient Copper Nanoparticles and their Use in Ultra Fast Catalytic Degradation of Organic Dyes,","Advance Material Research, ",829,93,,http://www.scientific.net/AMR
NCEAC,"Syed Tufail Hussain Sherazi, Razium Ali Soomro, Siraj Uddin, Najma Memon, ","Synthesis and Characterizations of Highly Efficient Copper Nanoparticles and their Use in Ultra Fast Catalytic Degradation of Organic Dyes,","Advance Material Research, ",829,93,,http://www.scientific.net/AMR
NCEAC,"Bhatti, Asif Ali; Memon, Shahabuddin; Memon, Najma",Synthesis and Dichromate Extraction Study of Calix[4]arene Derivative,POLYCYCL AROMAT COMP,34,10.1080/10406638.2013.857357,ISI,
NCEAC,"Bhatti, A.A., Memon S. and Memon N",Synthesis and Dichromate Extraction Study of Calix[4]arene Derivative. , Polycyclic Aromatic Compounds ,34 (2) ,"103-114, ",0.833,http://www.tandfonline.com/openurl?genre=journal&issn=1040-6638
NCEAC,"Syed Tufail Hussain Sherazi, Razium Ali Soomro, Sirajuddin, Najma Memon,  ","Synthesis of Air Stable Copper Nanoparticles And Their Use In Catalyis, ",Advanced Materials Research doi:10.4028/www.scientific.net/AMR.829.93,829,93-99,,http://www.scientific.net/AMR
NCEAC,"Syed Tufail Hussain Sherazi, Razium Ali Soomro, Sirajuddin, Najma Memon,  ","Synthesis of Air Stable Copper Nanoparticles And Their Use In Catalyis, ",Advanced Materials Research doi:10.4028/www.scientific.net/AMR.829.93,829,93-99,,http://www.scientific.net/AMR
chemistry,"Panhwar, Qadeer K.; Memon, Shahabuddin",Synthesis of Cr(III)-Morin Complex: Characterization and Antioxidant Study,SCI WORLD J,,10.1155/2014/845208,ISI,
,"Taha, Muhammad; Ismail, Nor Hadiani; Ali, Muhammad; Khan, Khalid M.; Jamil, Waqas; Kashif, Syed Muhammad; Asraf, Mohammad",Synthesis of indole-2-hydrazones in search of potential leishmanicidal agents,MED CHEM RES,23,10.1007/s00044-014-1082-1,ISI,
IARSCS,"Muhammad Taha 1, 2 , Nor Hadiani Ismail 1, 2 , Muhammad Ali 3 , Khalid M. Khan 4 , Waqas Jamil 5 , Syed Muhammad Kashif 5 and Mohammad Asraf 6. ...",Synthesis of indole-2-hydrazones in search of potential leishmanicidal agents,Springer Medicinal Chemistry ,,,,
NCEAC,"Taha, Muhammad; Ismail, Nor Hadiani; Jamil, Waqas; Rashwan, Hesham; Kashif, Syed Muhammad; Sain, Amyra Amat; Adenan, Mohd Ilham; Anouar, El Hassane; Ali, Muhammad; Rahim, Fazal; Khan, Khalid M.",Synthesis of novel derivatives of 4-methylbenzimidazole and evaluation of their biological activities,EUR J MED CHEM,84,10.1016/j.ejmech.2014.07.078,ISI,
NCEAC,"M Taha, NH Ismail, W Jamil, H Rashwan",Synthesis of novel derivatives of 4-methylbenzimidazole and evaluation of their biological activities, European journal ,,,,NA
Chemistry," Panhwar, Q.K. and Memon, S.",Synthesis of water soluble Cr(III)-morin complex: Characterization and antioxidant study., The Sci.World J,,,,http://www.hindawi.com/journals/tswj/
Chemistry," Panhwar, Q.K. and Memon, S.",Synthesis of water soluble Cr(III)-morin complex: Characterization and antioxidant study., The Sci.World J,,,,http://www.hindawi.com/journals/tswj/
NCEAC,"Panhwar, Qadeer K.; Memon, Shahabuddin","Synthesis, characterisation, and antioxidant study of Cr(III)-rutin complex",CHEM PAP,68,10.2478/s11696-013-0494-6,ISI,
IARSCS,"Muhammad Taha 1, 3, *, Nor Hadiani Ismail 1, 3 , El Hassane Anouar 1 , Sammer Yousuf 4 , Waqas Jamil 5 , Khalijah ","Synthesis, crystal structure, DFT studies and evaluation of the antioxidant activity of 3, 4-dimethoxybenzenamine Schiff bases","Molecules, 2014 - mdpi.com ",,,2.095,http://www.mdpi.com/journal/molecules
NCEAC,"Aziz, Ahmad Nazif; Taha, Muhammad; Ismail, Nor Hadiani; Anouar, El Hassane; Yousuf, Sammer; Jamil, Waqas; Awang, Khalijah; Ahmat, Norizan; Khan, Khalid M.; Kashif, Syed Muhammad","Synthesis, Crystal Structure, DFT Studies and Evaluation of the Antioxidant Activity of 3,4-Dimethoxybenzenamine Schiff Bases",MOLECULES,19,10.3390/molecules19068414,ISI,
Zoology,"Sultana, Riffat; Panhwar, Waheed Ali; Wagan, Muhammad Saeed; Khatri, Imran","Systematic status of true katydids Sathrophyllia (Orthoptera, Tettigonioidea, Pseudophyllinae) from Pakistan, with description of two new species",ZOOKEYS,,10.3897/zookeys.466.8423,ISI,
Zoology,"Panhwar, Waheed Ali; Sultana, Riffat; Wagan, Muhammad Saeed; Khatari, Imran; Kumar, Santosh",Systematic Study on the Various Tribes of Phaneropterinae (Tettigonioidea: Orthoptera) Occurring in Pakistan,PAK J ZOOL,46,,ISI,
SU Laar Campus,Muhammad Tufail chandio,The advent of british educational system,IRJAH,42 (42),73-98,,
SU Laar Campus,A.A. Pirzado,The electrical property of large few layer graphene flakes,Current Microwave Chemistry,"Vol: 2, 1-6 (2015)",,,
Physical Education,Dr. Muhammad Akram Ansari,The occurance of Knee injury in Badminton,The Shield,9,19-30,Y,
SU Laar Campus,Muhammad Tufail chandio,The presentation of the colonized land in: A passage to India and twilight in delhi,IRJAH,42 (42),221-222,,
,Centre of Excellence for Women’s studies University of Karachi.     ,"The Self employed women, Women Entrepreneurs and Work Polished in Pakistan,",Journal of Gender Studies ," Vol. 8, ",,,NA
,Centre of Excellence for Women’s studies University of Karachi.     ,"The Self employed women, Women Entrepreneurs and Work Polished in Pakistan,",Journal of Gender Studies ," Vol. 8, ",,,NA
Biochemistry,"Allah Bux Ghanghro*1 ,Sumera Qureshi 2 , Sikander Ali Memon2 And Faisal Qureshi 3.Www.Britishjr.Org/Index.Php/Bjr/Article/Download/32/27","Total Serum Immunoglobulin’s E Levels In Chemical Industry Workers (Site Area, Kotri, Jamshoro) Exposed With Organic Acid Anhydrides(Oaas).",British Journal Of Research,1  (3),120-123,,
NCEAC,"Junejo, Yasmeen; Baykal, Abdulhadi",Ultrarapid catalytic reduction of some dyes by reusable novel erythromycin-derived silver nanoparticles,TURK J CHEM,38,10.3906/kim-1401-24,ISI,
NCEAC,"Panhwar, Abdul Haleem; Kazi, Tasneem Gul; Afridi, Hassan Imran; Abbasi, Abdul Rasool; Arain, Muhammad Balal; Naeemullah; Arain, Salma Aslam; Arain, Sadaf Sadia; Ali, Jamshed","Ultrasonic-assisted ionic liquid-based microextraction for preconcentration and determination of aluminum in drinking water, blood and urine samples of kidney failure patients: a multivariate study",ANAL METHODS-UK,6,10.1039/c4ay01735h,ISI,
Commerce,Dr. Jawed Ahmed Chandio,Using group work with large University Class,IRJAH,,,,
NCEAC,Najma Memon and Paraskevas D. Tzanavaras,Utilization of Organized Surfactant Assemblies as Solvents in Flow Injection Analysis with emphasis to automated derivatization,"Current Analytical Chemistry, ","10 (3), ",338-348.,1.194,http://www.benthamscience.com/cac/index.htm
NCEAC,"Memon, Najma; Tzanavaras, Paraskevas D.",Utilization of Organized Surfactant Assemblies as Solvents in Flow Injection Analysis with emphasis to Automated Derivatization of Organic Analytes,CURR ANAL CHEM,10,,ISI,
NCEAC,"Qureshi, Umair A.; Solangi, Amber R.; Memon, Saima Q.; Taqvi, Syed I. Hyder",Utilization of Pine Nut Shell derived carbon as an efficient alternate for the sequestration of phthalates from aqueous system,ARAB J CHEM,7,10.1016/j.arabjc.2013.08.018,ISI,
NCEAC,"Merle, Didier; Pacaud, Jean-Michel; Metais, Gregoire; Bartolini, Annachiara; Lashari, Rafiq A.; Brohi, Imdad A.; Solangi, Sarfraz H.; Marivaux, Laurent; Welcomme, Jean-Loup","Volutidae (Mollusca: Gastropoda) of the Lakhra Formation (Earliest Eocene, Sindh, Pakistan): systematics, biostratigraphy and paleobiogeography",ZOOTAXA,3826,,ISI,
NCEAC,"S.Khan, M. Soylak, T.G. Kazi, ",Vortex assisted liquid-liquid microextraction using Triton X-114 as dispersant for ultratrace cadmium prior to its micro-sample injection flame atomic absorption spectrometric detection.,"Clean air, soil and water  doi:10.1002/clen.201300486",,,1.838,http://onlinelibrary.wiley.com/journal/10.1002/%28ISSN%291863-0669
NCEAC,"Khan, Sumaira; Yilmaz, Erkan; Kazi, Tasneem Gul; Soylak, Mustafa",Vortex Assisted Liquid-Liquid Microextraction Using Triton X-114 for Ultratrace Cadmium Prior to Analysis,CLEAN-SOIL AIR WATER,42,10.1002/clen.201300486,ISI,
Commerce,"Jamali, N.M, Jhatial, A.A, & Chang, R.",Women Enterpreneurship and Empowerment,Grassroots,"48, No. II",1-14,Y,
Chemistry,Dr Zahid Hussain Shar ,Z. H. Shar et al. ,"Chromatographia, ","2014, 77, 337–346",,,
Chemistry,Dr Zahid Hussain Shar ,Z. H. Shar et al. ,Food Additives & Contaminants: ,"Part B, 2014, 1-6",,,
Chemistry,Dr Zahid Hussain Shar ,Z. H. Shar et al. ,Journal of Science and Food Agriculture ,-2015,,,
Chemistry,Dr Zahid Hussain Shar ,Z. H. Shar et al. ,"Mycotoxin Research, ","2015, 31, 1-7",,,
